itemName,img,text,flag
0,0,机の上に壺が置いてある。,
0,,よく見ると、何かが拭き取られた痕跡がある。,
0,,ー 証拠【壺】を入手 ー,0
3,,遺体の手の先あたりに、血で何か書いてある。,
3,3,これは…ダイイングメッセージだろうか？,
3,3,"""DLUCY""と書いてあるように見えるが…少し違和感がある。",
3,,ー 証拠【ダイイングメッセージ】を入手 ー,3
8,8,被害者の死因は後頭部を強く打ったことによる失血死のようだ。,
8,8,おそらく即死だっただろう。,
8,,ー 証拠【被害者の死因】を入手 ー,8
9,,床に何か落ちている。位置的に遺体の下にあったのだろう。,
9,9,これは…ネックレスのようだ。,
9,9,"""J""という文字のチャームが付いている。",
9,,ー 証拠【ネックレス】を入手 ー,9
10,10,棚にダイヤル金庫が置いてある。,
10,10,今は開いている。中には何も入っていない。,
10,,ー 証拠【空の金庫】を入手 ー,10
12,,被害者は本棚の下敷きになって、うつ伏せに倒れていた。一見不運な事故のように見えるが、不審な点がいくつかある。,
12,,一度本棚をどかして、詳しく調べてみる必要がありそうだ。,12
13,,床や壁にまで血が付着している。,
13,,遺体のある場所からはかなり離れている。なぜこんなところに血が…？,
