loopNum,img,face,text,flag,selection0,selection1,selection2,selectionAnswer,miss
,,,（資産家のローレンス氏が、書斎で本棚の下敷きになって死亡していたこの事件。）,,,,,,
,,,（やはりこれは事故ではない。証拠や矛盾を指摘して、真相を突き止めよう。）,,,,,,
,,,……事故、というには妙だ。いくつか気になる点がある。,,,,,,
,ディラン,1,気になる点？ まさか事件だとでも？,,,,,,
,ジャック,0,でも父さんは本棚の下敷きになって死んでる。これはただの不運な事故だろ？,,,,,,
,ルーシー,0,そうよ。こんな大きな本棚に押しつぶされて、事故以外にあり得ないわ。,,,,,,
,,,確かに被害者は本棚の下敷きになっていた。,,,,,,
,,,けれど、それが原因で死んだのなら、あるものと矛盾が生じる。それは…,select,被害者が倒れている場所,血の飛び散り方,死亡時刻,1,ディラン
,,,遺体から離れたところの床や壁にも、血が付いていた。,,,,,,
,,,本棚が倒れた時に出た血なら、遺体の下から広がるはず。こんな風に血が飛び散っているのはおかしい。,,,,,,
,,,被害者は、本棚が倒れる前に出血していたと考えるのが自然だ。,,,,,,
,,,おそらく被害者は何者かに後頭部を殴打されて殺害されたんだ。,,,,,,
,ジャック,3,殺された、って一体誰に？,,,,,,
,ルーシー,1,…本当に殺人なの？だったら凶器は？,,,,,,
,ディラン,0,確かに、あの部屋にはそんなもんどこにもなかったな。,,,,,,
,ルーシー,0,凶器が見つかっていないのなら、決めつけるのは早いわ。,,,,,,
,,,凶器なら現場にちゃんとあったよ。,,,,,,
,,,その凶器とは…,select,本棚,金庫,壺,2,ルーシー
0,,,凶器は現場にあった壺だ。,,,,,,ジャック
1,ディラン,1,凶器の割には綺麗すぎるだろ。,,,,,,ディラン
2,ディラン,1,人を殴ったんなら、それなりに血が付いてるはずだが、そんな痕跡どこにもねえ。,action,,,,0,ディラン
3,ジャック,0,確かに。壁とかにまで血が飛んでたもんね。,,,,,,ジャック
4,ルーシー,0,この壺以外に凶器になりそうなものなんてないし…,,,,,,ルーシー
5,ルーシー,0,やっぱり凶器なんてなかったんじゃないの？,,,,,,ルーシー
6,,,（今の会話には間違いがある。それを説明できる証拠を、該当の発言に突きつけよう。）,showCommand,,,,,
,,,この壺は、何かを拭き取られた痕跡がある。,,,,,,
,,,本当は被害者を殴ったときに血が付いた。けれど、誰かがその血を拭き取ったんだ。,,,,,,
,,,それをやったのは…,select,ディラン,ルーシー,ジャック,1,ディラン
,,,血を拭き取ったのは、ルーシーだ。,,,,,,
,ルーシー,6,…っはぁ！？そんなわけないでしょう！？,,,,,,
,ルーシー,3,そもそも、さっきから全部憶測じゃない！,,,,,,
,ルーシー,3,私がやったっていう証拠はあるの！？,,,,,,
,,,（ルーシーがやったという証拠は…）,action_auto,,,,1,ルーシー
,,,君の部屋に、血の付いたハンカチがあった。,,,,,,
,,,これで壺の血を拭き取ったんじゃないかな？,,,,,,
,ルーシー,6,…！そ、それは…っ,,,,,,
,ディラン,5,ははっ、素直に認めろよ。見苦しいぞ。,,,,,,
,ディラン,5,なぁ探偵サン？コイツが犯人だっていう決定的な証拠がまだあんだろ？,,,,,,
,,,（決定的な証拠…。おそらく”アレ”のことだろう。）,action_auto,,,,3,ルーシー
,,,遺体の近くに書いてあった文字。LUCYって君の名前だよね。,,,,,,
,ディラン,5,これで決まりだな。,,,,,,
,ルーシー,7,なにそれ、そんなの知らないわ！嘘よ！！,,,,,,
,ジャック,5,諦めなって。姉さんが父さんを殺したなんて、ショックだな。,,,,,,
,ルーシー,3,違う、私は殺していないし、殺す理由もないわ！,,,,,,
,,,動機ならあると思うよ。,,,,,,
,,,（ルーシーの動機は…）,action_auto,,,,2,ルーシー
,,,政略結婚の話があった。でも君はそれに反発していたんじゃないかな？,,,,,,
,ルーシー,4,…っ、確かにそのことで父とは揉めていたけれど、だからといって殺したりなんかしないわ！,,,,,,
,ディラン,0,動機も証拠も全部揃ってんだから、もう犯人はお前で決まりだろ。,,,,,,
,ルーシー,4,…壺の血を拭き取ったのは認めるわ。でも殺したのは私じゃない！,,,,,,
,ルーシー,3,私が行ったときにはすでに父は死んでいたのよ。,,,,,,
,ルーシー,1,本棚の下敷きになっていて…事故かと思ったけれど、近くに血の付いた壺も転がっていて、もしかしたら誰かに殺されたのかもしれない、と思ったの。,,,,,,
,ルーシー,3,殺人だなんてことになったら、私が疑われるかもしれないでしょう？,,,,,,
,ルーシー,3,だから凶器を隠して、事故ってことにしようとしたのよ。,,,,,,
,ルーシー,3,それだけよ！本当に私は殺してないわ！！,,,,,,
0,ジャック,5,そんなこと言って、結局殺ったんだろ？ダイイングメッセージ、どう見ても姉さんの名前じゃん。,,,,,,ジャック
1,ルーシー,3,違うって言ってるでしょう！？あのダイイングメッセージはあんたたちが書いたんじゃないの？,,,,,,ルーシー
2,ディラン,2,ああ？んなわけねえだろ。なんでンなことする必要があんだよ。,,,,,,ディラン
3,ディラン,0,そもそもオレは書斎にすら行ってねえよ。,action,,,,4,ディラン
4,ルーシー,5,本当かしら？それにあんただって動機は十分あるんじゃないの？,,,,,,ルーシー
5,ジャック,0,そういえば、兄さんは父さんに金を借りようとしてたよね。,,,,,,ジャック
6,ジャック,5,そのことで揉めて殺したんじゃない？,,,,,,ジャック
7,,,（…今、嘘をついた人がいた。その発言に矛盾する証拠を突きつけよう。）,showCommand,,,,,
,,,書斎に行ってないっていうのは嘘だよね？,,,,,,
,,,君の部屋にあった靴、血が付いていた。,,,,,,
,ディラン,4,…！…それは、朝死体を発見したときに付いたんだろ。,,,,,,
,,,発見したのは朝でしょう？そのときにはもう血は乾いていたはずだよ。,,,,,,
,ディラン,6,…っ！！,,,,,,
,ジャック,5,ってことは、やっぱり兄さんが父さんを殺したんだ？,,,,,,
,ルーシー,2,それで自分が疑われないために、私の名前を書いたってわけ？最低ね。,,,,,,
,ディラン,1,……チッ。,,,,,,
,ディラン,1,オレがやったのはダイイングメッセージの偽装だけだ。,,,,,,
,ディラン,0,部屋に行ったときには、親父は本棚の下敷きになってたんだよ。,,,,,,
,ディラン,0,"で、本棚を持ち上げて確認してみたらもう手遅れで。すぐそばに血で""DL""って書いてあった。",,,,,,
,ルーシー,1,DLって、あんたのイニシャルじゃない。,,,,,,
,ディラン,1,だから疑われると思って、後ろに文字付け足したんだよ。,,,,,,
,,,（確かにダイイングメッセージは”UCY”だけ明らかに筆跡が違っていた。違和感の正体はこれだったのか。）,,,,,,
,ルーシー,2,最悪。私を巻き込まないでもらえる？,,,,,,
0,ディラン,0,っつーわけだ。オレは殺しはやってねえよ。,,,,,,ディラン
1,ジャック,1,いや、信じられないでしょ。ダイイングメッセージは兄さんを示してるわけだし。,,,,,,ジャック
2,ジャック,1,殺ってないなら、なんで名前が書いてあるんだよ。,,,,,,ジャック
3,ジャック,5,お金盗もうとして、それを父さんに見つかって殺した、とかそんなとこだろ？,,,,,,ジャック
4,ルーシー,0,そういえば、書斎の金庫にはお金が保管してあるものね。,action,,,,10,ルーシー
5,ディラン,1,知るかよ。オレの名前が書いてあった理由なんて、こっちが聞きてぇよ。,,,,,,ディラン
6,ディラン,0,ともかく、殺したのはオレじゃねえ。,,,,,,ディラン
7,,,（…？今、証拠と矛盾する発言があった。その部分を指摘しよう。）,showCommand,,,,,
,,,金庫は空っぽだったよ。,,,,,,
,ルーシー,1,え？けれど、あの金庫には確かにお金と遺言書が入っていたはずよ。,,,,,,
,ルーシー,1,以前、父の口から聞いたもの。,,,,,,
,,,（…それが本当なら、金庫の中身はどこに行ったのか。）,,,,,,
,,,（そういえば、お金の在処に心当たりがあるような…）,action_auto,,,,5,ルーシー
,,,ディラン、金庫からお金を盗んだよね？,,,,,,
,ディラン,3,は？なんでそうなるんだよ。,,,,,,
,,,君の部屋の奥にあった棚。その中にお金が隠されていた。,,,,,,
,,,書斎の金庫にあったはずのお金がなくなっている、となると、あのお金は本当は金庫にあったものなんじゃないかな。,,,,,,
,ディラン,3,…ああ、そうだよ。あれは金庫にあった金だ。,,,,,,
,ルーシー,1,人が死んでる横でお金を盗むなんて、本当最低ね。,,,,,,
,ディラン,1,人のこと言えねえだろ。お前も偽装工作とかしてたじゃねえか。,,,,,,
,ディラン,0,書斎に行ったら金庫が開いてたんだよ。盗んでくれっつってるようなもんだろ。,,,,,,
,ジャック,2,白々しいな。自分で開けて盗ったんだろ。,,,,,,
,ディラン,1,あの金庫はいつもなら鍵がかかってんだろ。その番号知らねえから、開けたくても開けらんねえよ。,,,,,,
,,,（その通りだ。金庫を開けたのは別の人物だ。）,,,,,,
,,,（金庫を開けたのは…）,select,ディラン,ルーシー,ジャック,2,ディラン
,,,金庫を開けたのは君だよね、ジャック。,,,,,,
,ジャック,4,…はあ？なんで？,,,,,,
,ジャック,3,金庫には鍵がかかってるから開けられない、って今話してたと思うんだけど。,,,,,,
,,,確かにそうだ。でも、君は金庫の番号を知っていたんじゃないかな。,,,,,,
,,,それを示す証拠は…,action_auto,,,,6,ジャック
,,,君の部屋に何かの番号が書かれたメモが落ちていた。,,,,,,
,,,これは金庫の番号なんじゃない？,,,,,,
,ジャック,4,…っ！,,,,,,
,ジャック,3,でも、僕が金庫の番号を知ってたってだけじゃ、実際に開けたかどうかはわかんないだろ？,,,,,,
,ジャック,3,それに、兄さんと違って、僕が金庫を開ける理由もない。,,,,,,
,,,（理由ならあったはずだ。それはおそらく…）,select,金庫の中身を盗むため,金庫に何かを隠すため,誰かに頼まれたため,0,ジャック
,,,君は金庫からあるものを盗んだんじゃないかな？そしてそれこそが金庫を開ける理由だ。,,,,,,
,ジャック,3,あるものって？,,,,,,
,,,さっき、ルーシーが言っていたよね。,,,,,,
,,,金庫の中には、お金の他にもう一つ入っているものがあったはず。,,,,,,
,ルーシー,0,それって…遺言書のこと？,,,,,,
,ディラン,0,オレが金を盗んだときには、遺言書なんざなかったぞ。,,,,,,
,,,そう。つまり、ディランの前に金庫を開けた人物が遺言書を盗んだんだ。,,,,,,
,ジャック,3,…それが僕だって言いたいわけ？,,,,,,
,,,（ジャックが遺言書を盗んだという証拠は…）,action_auto,,,,7,ジャック
,,,暖炉に捨ててあった手紙…。あれは遺言書だったんじゃない？,,,,,,
,,,そう考えると、金庫から消えた遺言書についても説明が付く。,,,,,,
,ディラン,5,なるほどなぁ。遺言に文句があったから、親父を殺して遺言書を盗んだってわけか。,,,,,,
,ジャック,2,適当なこと言うなよ。,,,,,,
,ジャック,0,…はぁ。そうだよ。僕が金庫を開けて遺言書を盗った。,,,,,,
,ルーシー,0,認めるのね？,,,,,,
,ジャック,0,遺言書を盗ったことだけだよ。,,,,,,
0,ジャック,0,遺言について、ちょっと父さんと話したかったから書斎に行ったんだ。,,,,,,ジャック
1,ジャック,1,で、あとは兄さんたちの話と同じ感じ。,,,,,,ジャック
2,ジャック,1,僕が行ったときには、すでに本棚は倒れてて、父さんは下敷きになってた。,action,,,,9,ジャック
3,ジャック,1,明らかに死んでるっぽかったし、このままじゃあの遺言書通りになる、って思って,,,,,,ジャック
4,ジャック,1,金庫を開けて遺言書を盗った。,,,,,,ジャック
5,ジャック,0,だから殺ったのは僕じゃない。,,,,,,ジャック
6,,,（今の話が本当なら、”アレ”があそこにあるはずがない。矛盾を突きつけよう。）,showCommand,,,,,
,,,それはおかしい。,,,,,,
,ジャック,4,…は？どこがおかしいって言うんだよ？,,,,,,
,,,"このネックレスについているチャーム…”J""は君のイニシャルだし、これは君のだよね？",,,,,,
,ジャック,6,…っ！？なんでそれを…っ！,,,,,,
,,,これは遺体の下に落ちていたんだよ。,,,,,,
,,,君の話だと、書斎に行ったときには、被害者も本棚も倒れていた。,,,,,,
,,,それが本当なら、ネックレスがそんな場所に落ちているわけがないんだ。,,,,,,
,,,君が書斎に行ったのは、被害者が亡くなる前しかあり得ない。,,,,,,
,ジャック,6,…っ！！,,,,,,
,ルーシー,0,つまり、父を殺したのはジャック、あんただってこと？,,,,,,
,ジャック,7,っじゃあ、ダイイングメッセージは！？あれは兄さんのイニシャルだった。,,,,,,
,ジャック,7,なら兄さんが犯人ってことだろ！？,,,,,,
,,,あのダイイングメッセージ…。一体誰が書いたんだろうね？,,,,,,
,ディラン,1,どういうことだ？,,,,,,
,,,あのダイイングメッセージを書いたのは…,select,被害者,ルーシー,ジャック,2,ルーシー
,,,あれを書いたのもジャックだよね？,,,,,,
,ジャック,7,っはぁ！？,,,,,,
,,,被害者はダイイングメッセージを書くことなんてできなかったんだ。なぜなら…,action_auto,,,,8,ジャック
,,,被害者は即死だっただろうから、何かを書き残すのは不可能なんだ。,,,,,,
,,,つまり、あのダイイングメッセージははじめから偽造だったんだよ。,,,,,,
,,,じゃあ誰が偽造したのか、ということになるけど、,,,,,,
,,,まず自分のイニシャルを書くわけがないから、ディランは違う。,,,,,,
,,,ルーシーがディランに罪を着せるために書いたなら、凶器を隠す必要なんてないから、彼女も除外できる。,,,,,,
,,,そうなると、あれを書いたのは君以外にあり得ないんだよ、ジャック。,,,,,,
,,,この事件の犯人は君だ。,,,,,,
,ジャック,6,…っ！！,,,,,,
,ディラン,5,ははっ、やっぱテメェが殺したんじゃねえか。,,,,,,
,ルーシー,1,そんなに遺言が気に入らなかったわけ？,,,,,,
,ジャック,0,…………あー、最悪。,,,,,,
,ジャック,5,あんたの言う通り、父さんを殺したは僕が殺した。,,,,,,
,ジャック,5,どうしても、兄さんに跡を継がせるって遺言が気に入らなかったんだよね。,,,,,,
,ジャック,2,こんなろくでなしより、僕の方が跡継ぎにふさわしいに決まってる。,,,,,,
,ディラン,1,殺人犯が何言ってんだ。,,,,,,
,ルーシー,1,……だから殺したっていうの？,,,,,,
,ジャック,0,殺すつもりなんてなかったよ。あの日、父さんと話して、考えを変えてもらおうと思ってたんだけど、僕の言葉を全く聞こうとしなかったから。,,,,,,
,ジャック,1,気付いたら、近くにあった壺で殴ってた。そしたら、思いっきりやりすぎたみたいでさ。,,,,,,
,ジャック,5,この際だから、罪をなすりつけようと思って、死体のそばに兄さんのイニシャルを書いたんだ。,,,,,,
,ジャック,5,で、せっかく偽造したダイイングメッセージが誰かに見つかって消されたら嫌だから、適当に本棚を倒して隠してたんだけど、,,,,,,
,ジャック,1,まさかこんなややこしいことになってたとはね。,,,,,,
